{"cameraMode":{"drawMode":0,"name":"Shaded","section":"Shading Mode"},"sceneLighting":true,"audioPlay":false,"sceneViewState":{"showFog":true,"showMaterialUpdate":false,"showSkybox":true,"showFlares":true,"showImageEffects":true,"showParticleSystems":true},"in2DMode":false,"pivot":{"x":-1.148120641708374,"y":1.1814182996749879,"z":1.6675385236740113},"rotation":{"x":-0.36656486988067629,"y":0.09001420438289643,"z":-0.035778943449258807,"w":-0.9255378842353821},"size":9.550000190734864,"orthographic":false}