{"cameraMode":{"drawMode":0,"name":"Shaded","section":"Shading Mode"},"sceneLighting":false,"audioPlay":false,"sceneViewState":{"showFog":true,"showMaterialUpdate":false,"showSkybox":false,"showFlares":true,"showImageEffects":true,"showParticleSystems":true},"in2DMode":false,"pivot":{"x":-0.30990070104599,"y":-0.22569343447685243,"z":0.18601094186306},"rotation":{"x":-0.159144327044487,"y":0.6928161978721619,"z":-0.1609843671321869,"w":-0.6848872303962708},"size":1.4014421701431275,"orthographic":false}