{"cameraMode":{"drawMode":0,"name":"Shaded","section":"Shading Mode"},"sceneLighting":false,"audioPlay":false,"sceneViewState":{"showFog":true,"showMaterialUpdate":false,"showSkybox":false,"showFlares":true,"showImageEffects":true,"showParticleSystems":true},"in2DMode":false,"pivot":{"x":-0.07772648334503174,"y":0.9630827903747559,"z":0.35437482595443728},"rotation":{"x":0.16667090356349946,"y":-0.004294225014746189,"z":0.0004786069330293685,"w":0.9862396121025086},"size":3.7873077392578127,"orthographic":false}