{"cameraMode":{"drawMode":0,"name":"Shaded","section":"Shading Mode"},"sceneLighting":true,"audioPlay":false,"sceneViewState":{"showFog":true,"showMaterialUpdate":false,"showSkybox":true,"showFlares":true,"showImageEffects":true,"showParticleSystems":true},"in2DMode":false,"pivot":{"x":0.8627070188522339,"y":2.2093119621276857,"z":8.514307022094727},"rotation":{"x":-0.06909728050231934,"y":-0.8961499929428101,"z":0.4122207760810852,"w":-0.15048135817050935},"size":9.550000190734864,"orthographic":false}