{"cameraMode":{"drawMode":0,"name":"Shaded","section":"Shading Mode"},"sceneLighting":true,"audioPlay":false,"sceneViewState":{"showFog":true,"showMaterialUpdate":false,"showSkybox":true,"showFlares":true,"showImageEffects":true,"showParticleSystems":true},"in2DMode":false,"pivot":{"x":0.7922865152359009,"y":3.803222417831421,"z":3.308347702026367},"rotation":{"x":0.3223225474357605,"y":-0.07244285941123963,"z":0.024732626974582673,"w":0.9437480568885803},"size":9.550000190734864,"orthographic":false}