{"cameraMode":{"drawMode":0,"name":"Shaded","section":"Shading Mode"},"sceneLighting":false,"audioPlay":false,"sceneViewState":{"showFog":true,"showMaterialUpdate":false,"showSkybox":false,"showFlares":true,"showImageEffects":true,"showParticleSystems":true},"in2DMode":false,"pivot":{"x":-0.48433294892311098,"y":-0.40482816100120547,"z":0.15128019452095033},"rotation":{"x":-0.19661660492420197,"y":0.6956092715263367,"z":-0.20744401216506959,"w":-0.659351646900177},"size":1.4014421701431275,"orthographic":false}