{"cameraMode":{"drawMode":0,"name":"Shaded","section":"Shading Mode"},"sceneLighting":true,"audioPlay":false,"sceneViewState":{"showFog":true,"showMaterialUpdate":false,"showSkybox":true,"showFlares":true,"showImageEffects":true,"showParticleSystems":true},"in2DMode":false,"pivot":{"x":1.9862701892852784,"y":1.5681406259536744,"z":5.944787979125977},"rotation":{"x":-0.018267109990119935,"y":0.9795964360237122,"z":-0.10503020882606507,"w":-0.17037278413772584},"size":10.0,"orthographic":false}