{"count":1,"gauges":{"ShooterBrain.CumulativeReward":{"count":14,"max":1,"min":1,"value":1,"weightedAverage":1}},"self":39.676038399999996,"total":40.4776843,"children":{"AgentSendState":{"count":2002,"self":0.0211655,"total":0.0251585,"children":{"CollectObservations":{"count":201,"self":0.0034961999999999997,"total":0.0034961999999999997,"children":null},"CollectDiscreteActionMasks":{"count":201,"self":0.00049679999999999993,"total":0.00049679999999999993,"children":null}}},"DecideAction":{"count":2002,"self":0.74283389999999994,"total":0.74283389999999994,"children":null},"AgentAct":{"count":2002,"self":0.0311724,"total":0.0311724,"children":null}}}