{"count":1,"gauges":{"ShooterBrain.CumulativeReward":{"count":18,"max":1,"min":-1,"value":-1,"weightedAverage":-0.589939237}},"self":59.1250048,"total":60.5951497,"children":{"AgentSendState":{"count":3008,"self":0.0411447,"total":0.0445573,"children":{"CollectObservations":{"count":301,"self":0.0024343999999999998,"total":0.0024343999999999998,"children":null},"CollectDiscreteActionMasks":{"count":301,"self":0.0009782,"total":0.0009782,"children":null}}},"DecideAction":{"count":3008,"self":1.3507945,"total":1.3507945,"children":null},"AgentAct":{"count":3008,"self":0.0728085,"total":0.0728085,"children":null}}}