{"count":1,"gauges":{},"self":28.7629344,"total":28.811684099999997,"children":{"AgentSendState":{"count":1422,"self":0.0221907,"total":0.025617599999999997,"children":{"CollectObservations":{"count":143,"self":0.0034268999999999997,"total":0.0034268999999999997,"children":null},"CollectDiscreteActionMasks":{"count":143,"self":0,"total":0,"children":null}}},"DecideAction":{"count":1422,"self":0.0058562,"total":0.0058562,"children":null},"AgentAct":{"count":1422,"self":0.0157636,"total":0.0157636,"children":null}}}