{"count":1,"gauges":{},"self":6.3506931999999994,"total":6.3840620999999995,"children":{"AgentSendState":{"count":301,"self":0.02502,"total":0.0264849,"children":{"CollectObservations":{"count":31,"self":0.0014648999999999999,"total":0.0014648999999999999,"children":null},"CollectDiscreteActionMasks":{"count":31,"self":0,"total":0,"children":null}}},"DecideAction":{"count":301,"self":0.0019762,"total":0.0019762,"children":null},"AgentAct":{"count":301,"self":0.0029489,"total":0.0029489,"children":null}}}